Benchmark,Score,Score Error (99.9%)
headRecursion,236341.036724,111393.295341
tailRecursion,382963.696690,20350.333240
