Benchmark,Score,Score Error (99.9%)
identity,172149.991233,2594.178163
identityBy2,359469.071973,7538.248813
identityBy4,712309.971917,59364.648604
identitySame,170086.735811,2973.132927
