Benchmark,Score,Score Error (99.9%)
filterAndMap,98636.765526,1827.979480
partialFunction,117221.243136,41696.216831
