Benchmark,Score,Score Error (99.9%)
sumOnList,11362178.630240,6997371.846291
sumOnSeq,10952389.017763,3067667.285084
