Benchmark,Score,Score Error (99.9%)
identity,122885724.896455,3055847.644029
identityBy2,122209073.195838,1717703.106484
identityBy4,120557743.887826,3221238.943902
identitySame,120729467.257190,6855534.440803
