Benchmark,Score,Score Error (99.9%)
identity,114812391.439324,NaN
identityBy2,114582101.334411,NaN
identityBy4,92963500.362246,NaN
identitySame,115776122.185645,NaN
