Benchmark,Score,Score Error (99.9%)
noBoxing,10125.278114,1166.348288
withBoxing,14195.787993,2063.080451
